bin1,bin2,classf,ANI1,ANI2,AF1,AF2,comp1,comp2,contam1,contam2,size1,size2,contigs1,contigs2
3300009517-bin.1,3300026286-bin.23,d__Bacteria;p__Proteobacteria;c__Gammaproteobacteria;o__Burkholderiales;f__Burkholderiaceae;g__Ramlibacter;s__,100,100,0.82,0.81,99.84,99.84,0.06,0.21,4360166,4427956,32,37
3300009517-bin.1,megahit-bin.33,d__Bacteria;p__Proteobacteria;c__Gammaproteobacteria;o__Burkholderiales;f__Burkholderiaceae;g__Ramlibacter;s__,100,100,0.86,0.85,99.84,98.44,0.06,0.06,4360166,4378031,32,42
3300009517-bin.1,spades-bin.100,d__Bacteria;p__Proteobacteria;c__Gammaproteobacteria;o__Burkholderiales;f__Burkholderiaceae;g__Ramlibacter;s__,99.98,99.98,0.9,0.92,99.84,98.91,0.06,0.06,4360166,4287691,32,28
3300009517-bin.12,megahit-bin.36,d__Bacteria;p__Bacteroidota;c__Bacteroidia;o__Cytophagales;f__Spirosomaceae;g__Leadbetterella;s__,100,100,0.78,0.78,99.11,99.11,0.6,0.6,4786472,4785014,19,25
3300009517-bin.12,spades-bin.4,d__Bacteria;p__Bacteroidota;c__Bacteroidia;o__Cytophagales;f__Spirosomaceae;g__Leadbetterella;s__,99.98,99.98,0.82,0.81,99.11,99.11,0.6,0.6,4786472,4813294,19,17
3300009517-bin.13,3300026286-bin.28,d__Bacteria;p__Actinobacteriota;c__Actinobacteria;o__Actinomycetales;f__Microbacteriaceae;g__Salinibacterium;s__,100,100,0.09,0.09,97.81,92.93,0,0.3,2934589,2773299,8,257
3300009517-bin.15,3300026286-bin.1,d__Bacteria;p__Proteobacteria;c__Gammaproteobacteria;o__Burkholderiales;f__Rhodocyclaceae;g__Accumulibacter;s__Accumulibacter,99.87,99.87,0.57,0.64,75.37,79.1,1.07,0.48,3094498,2744182,645,331
3300009517-bin.15,3300026302-bin.3,d__Bacteria;p__Proteobacteria;c__Gammaproteobacteria;o__Burkholderiales;f__Rhodocyclaceae;g__Accumulibacter;s__Accumulibacter,99.83,99.83,0.46,0.31,75.37,99.84,1.07,0.24,3094498,4641950,645,81
3300009517-bin.15,megahit-bin.6,d__Bacteria;p__Proteobacteria;c__Gammaproteobacteria;o__Burkholderiales;f__Rhodocyclaceae;g__Accumulibacter;s__Accumulibacter,99.67,99.67,0.52,0.52,75.37,81.36,1.07,1.79,3094498,3065838,645,455
3300009517-bin.18,3300026286-bin.11,d__Bacteria;p__Proteobacteria;c__Gammaproteobacteria;o__Xanthomonadales;f__Xanthomonadaceae;g__Pseudoxanthomonas_A;s__,100,100,0.39,0.39,99.61,98.67,0.89,0.89,3634203,3589037,31,129
3300009517-bin.19,3300026286-bin.7,d__Bacteria;p__Actinobacteriota;c__Actinobacteria;o__Actinomycetales;f__Dermatophilaceae;g__Phycicoccus;s__,99.96,99.96,0.55,0.57,95.63,98.02,4.63,0.54,3180397,3056910,79,34
3300009517-bin.19,3300026302-bin.15,d__Bacteria;p__Actinobacteriota;c__Actinobacteria;o__Actinomycetales;f__Dermatophilaceae;g__Phycicoccus;s__,99.95,99.96,0.53,0.54,95.63,98.02,4.63,0.62,3180397,3095155,79,34
3300009517-bin.19,spades-bin.24,d__Bacteria;p__Actinobacteriota;c__Actinobacteria;o__Actinomycetales;f__Dermatophilaceae;g__Phycicoccus;s__,99.96,99.95,0.54,0.57,95.63,98.02,4.63,0.54,3180397,3043081,79,34
3300009517-bin.22,megahit-bin.110,d__Bacteria;p__Actinobacteriota;c__Actinobacteria;o__Propionibacteriales;f__Propionibacteriaceae;g__Propionicimonas;s__,99.92,99.92,0.54,0.51,89.77,94.14,3.64,3.15,3491618,3669459,113,65
3300009517-bin.25,3300026286-bin.17,d__Bacteria;p__Bacteroidota;c__Bacteroidia;o__NS11-12g;f__UKL13-3;g__B1;s__,99.99,100,0.52,0.52,82.76,97.81,0,0,3725070,3734298,38,80
3300009517-bin.25,3300026302-bin.43,d__Bacteria;p__Bacteroidota;c__Bacteroidia;o__NS11-12g;f__UKL13-3;g__B1;s__,99.99,99.99,0.75,0.75,82.76,100,0,0,3725070,3735938,38,45
3300009517-bin.25,megahit-bin.52,d__Bacteria;p__Bacteroidota;c__Bacteroidia;o__NS11-12g;f__UKL13-3;g__B1;s__,99.99,99.99,0.69,0.69,82.76,100,0,0,3725070,3748838,38,60
3300009517-bin.25,spades-bin.5,d__Bacteria;p__Bacteroidota;c__Bacteroidia;o__NS11-12g;f__UKL13-3;g__B1;s__,99.98,99.98,0.79,0.75,82.76,100,0,0,3725070,3885317,38,43
3300009517-bin.29,3300026286-bin.22,d__Bacteria;p__Actinobacteriota;c__Actinobacteria;o__Actinomycetales;f__Dermatophilaceae;g__Tetrasphaera_A;s__Tetrasphaera_A,100,100,0.83,0.86,98.86,98.92,0.54,0.05,4092138,3958293,60,66
3300009517-bin.29,spades-bin.18,d__Bacteria;p__Actinobacteriota;c__Actinobacteria;o__Actinomycetales;f__Dermatophilaceae;g__Tetrasphaera_A;s__Tetrasphaera_A,99.96,99.95,0.79,0.8,98.86,98.92,0.54,1.62,4092138,4077561,60,59
3300009517-bin.3,3300026286-bin.26,d__Bacteria;p__Proteobacteria;c__Alphaproteobacteria;o__Rhodobacterales;f__Rhodobacteraceae;g__Defluviimonas;s__,99.94,99.94,0.11,0.11,99.09,95.11,0.51,1.82,4206666,4008409,21,410
3300009517-bin.3,megahit-bin.50,d__Bacteria;p__Proteobacteria;c__Alphaproteobacteria;o__Rhodobacterales;f__Rhodobacteraceae;g__Defluviimonas;s__,100,100,0.85,0.88,99.09,100,0.51,0.35,4206666,4079253,21,24
3300009517-bin.3,spades-bin.63,d__Bacteria;p__Proteobacteria;c__Alphaproteobacteria;o__Rhodobacterales;f__Rhodobacteraceae;g__Defluviimonas;s__,99.99,91.14,0.84,0.85,99.09,100,0.51,0.51,4206666,4160443,21,18
3300009517-bin.31,megahit-bin.88,d__Bacteria;p__Actinobacteriota;c__Actinobacteria;o__Nanopelagicales;f__;g__;s__,99.55,99.55,0.48,0.46,93.21,93.84,3.32,2.87,3910185,4148755,396,331
3300009517-bin.31,spades-bin.50,d__Bacteria;p__Actinobacteriota;c__Actinobacteria;o__Nanopelagicales;f__;g__;s__,99.62,99.6,0.33,0.31,93.21,99.14,3.32,3.68,3910185,4287795,396,95
3300009517-bin.38,megahit-bin.53,d__Bacteria;p__Proteobacteria;c__Alphaproteobacteria;o__Sphingomonadales;f__Sphingomonadaceae;g__Sphingopyxis;s__,100,100,0.9,0.91,99.98,99.98,1.56,1.56,4310931,4261647,20,22
3300009517-bin.38,spades-bin.112,d__Bacteria;p__Proteobacteria;c__Alphaproteobacteria;o__Sphingomonadales;f__Sphingomonadaceae;g__Sphingopyxis;s__,99.99,99.99,0.86,0.86,99.98,98.96,1.56,3.03,4310931,4324075,20,28
3300009517-bin.44,3300026286-bin.20,d__Bacteria;p__Chloroflexota;c__Anaerolineae;o__SBR1031;f__A4b;g__;s__,99.97,99.97,0.45,0.36,79.63,92.66,1.83,7.89,5894002,7372259,685,438
3300009517-bin.44,megahit-bin.81,d__Bacteria;p__Chloroflexota;c__Anaerolineae;o__SBR1031;f__A4b;g__;s__,99.94,99.92,0.22,0.18,79.63,98.17,1.83,0,5894002,7266832,685,89
3300009517-bin.45,3300026302-bin.56,d__Bacteria;p__Actinobacteriota;c__Actinobacteria;o__Actinomycetales;f__Dermatophilaceae;g__Tetrasphaera_A;s__,99.99,99.99,0.71,0.75,98.42,97.3,0.54,0.65,3749633,3538289,57,60
3300009517-bin.45,megahit-bin.92,d__Bacteria;p__Actinobacteriota;c__Actinobacteria;o__Actinomycetales;f__Dermatophilaceae;g__Tetrasphaera_A;s__,99.99,99.99,0.8,0.82,98.42,98.92,0.54,0.54,3749633,3656164,57,59
3300009517-bin.49,megahit-bin.100,d__Bacteria;p__Bacteroidota;c__Bacteroidia;o__Chitinophagales;f__Chitinophagaceae;g__;s__,99.92,100,0.79,0.69,99.01,99.51,0,0,4185784,4154768,10,15
3300009517-bin.5,megahit-bin.57,d__Bacteria;p__Actinobacteriota;c__Actinobacteria;o__Propionibacteriales;f__Propionibacteriaceae;g__Propionicimonas;s__,99.89,99.89,0.64,0.65,93.63,91.85,3.02,3.57,4083078,4028876,61,69
3300009517-bin.5,spades-bin.59,d__Bacteria;p__Actinobacteriota;c__Actinobacteria;o__Propionibacteriales;f__Propionibacteriaceae;g__Propionicimonas;s__,99.99,99.99,0.56,0.62,93.63,75.62,3.02,0.17,4083078,3674607,61,37
3300009517-bin.53,spades-bin.45,d__Bacteria;p__Proteobacteria;c__Alphaproteobacteria;o__Caulobacterales;f__Hyphomonadaceae;g__UBA1942;s__,100,100,0.97,0.97,98.43,98.43,0.32,0.32,2980669,2980451,6,6
3300026286-bin.17,spades-bin.5,d__Bacteria;p__Bacteroidota;c__Bacteroidia;o__NS11-12g;f__UKL13-3;g__B1;s__,100,100,0.62,0.59,97.81,100,0,0,3734298,3885317,80,43
3300026286-bin.18,3300009517-bin.51,d__Bacteria;p__Proteobacteria;c__Gammaproteobacteria;o__Xanthomonadales;f__Xanthomonadaceae;g__Pseudoxanthomonas;s__,99.99,99.99,0.42,0.42,99.02,97.78,0,0.92,2749167,2734303,22,89
3300026286-bin.18,3300026302-bin.6,d__Bacteria;p__Proteobacteria;c__Gammaproteobacteria;o__Xanthomonadales;f__Xanthomonadaceae;g__Pseudoxanthomonas;s__,99.21,99.3,0.28,0.33,99.02,99.02,0,0,2749167,2992856,22,6
3300026286-bin.18,spades-bin.46,d__Bacteria;p__Proteobacteria;c__Gammaproteobacteria;o__Xanthomonadales;f__Xanthomonadaceae;g__Pseudoxanthomonas;s__,99.47,99.47,0.24,0.26,99.02,97.1,0,0.17,2749167,2631252,22,130
3300026286-bin.23,megahit-bin.33,d__Bacteria;p__Proteobacteria;c__Gammaproteobacteria;o__Burkholderiales;f__Burkholderiaceae;g__Ramlibacter;s__,100,100,0.87,0.88,99.84,98.44,0.21,0.06,4427956,4378031,37,42
3300026286-bin.23,spades-bin.100,d__Bacteria;p__Proteobacteria;c__Gammaproteobacteria;o__Burkholderiales;f__Burkholderiaceae;g__Ramlibacter;s__,100,100,0.8,0.82,99.84,98.91,0.21,0.06,4427956,4287691,37,28
3300026286-bin.26,megahit-bin.50,d__Bacteria;p__Proteobacteria;c__Alphaproteobacteria;o__Rhodobacterales;f__Rhodobacteraceae;g__Defluviimonas;s__,99.94,99.94,0.13,0.12,95.11,100,1.82,0.35,4008409,4079253,410,24
3300026286-bin.3,3300009517-bin.53,d__Bacteria;p__Proteobacteria;c__Alphaproteobacteria;o__Caulobacterales;f__Hyphomonadaceae;g__UBA1942;s__,99.97,99.97,0.79,0.76,97.46,98.43,0.32,0.32,2855279,2980669,6,6
3300026286-bin.3,megahit-bin.94,d__Bacteria;p__Proteobacteria;c__Alphaproteobacteria;o__Caulobacterales;f__Hyphomonadaceae;g__UBA1942;s__,99.97,99.97,0.79,0.76,97.46,98.43,0.32,0.32,2855279,2956722,6,7
3300026286-bin.3,spades-bin.45,d__Bacteria;p__Proteobacteria;c__Alphaproteobacteria;o__Caulobacterales;f__Hyphomonadaceae;g__UBA1942;s__,99.97,99.97,0.79,0.76,97.46,98.43,0.32,0.32,2855279,2980451,6,6
3300026286-bin.31,3300026302-bin.46,d__Bacteria;p__Proteobacteria;c__Gammaproteobacteria;o__Burkholderiales;f__Rhodocyclaceae;g__Accumulibacter;s__Accumulibacter,100,100,0.91,0.97,100,100,0.03,0,4588013,4328416,61,48
3300026286-bin.31,megahit-bin.12,d__Bacteria;p__Proteobacteria;c__Gammaproteobacteria;o__Burkholderiales;f__Rhodocyclaceae;g__Accumulibacter;s__Accumulibacter,100,100,0.82,0.88,100,98.48,0.03,0,4588013,4271885,61,71
3300026286-bin.31,spades-bin.42,d__Bacteria;p__Proteobacteria;c__Gammaproteobacteria;o__Burkholderiales;f__Rhodocyclaceae;g__Accumulibacter;s__Accumulibacter,100,100,0.85,0.92,100,99.52,0.03,0,4588013,4272626,61,59
3300026286-bin.35,megahit-bin.43,d__Bacteria;p__Bacteroidota;c__;o__;f__;g__;s__,99.99,99.99,0.34,0.33,91.38,94.52,0.73,0,4040812,4198717,256,55
3300026286-bin.35,spades-bin.60,d__Bacteria;p__Bacteroidota;c__;o__;f__;g__;s__,99.98,99.98,0.27,0.25,91.38,94.52,0.73,0,4040812,4402344,256,36
3300026286-bin.36,megahit-bin.90,d__Bacteria;p__Cyanobacteria;c__Vampirovibrionia;o__Obscuribacterales;f__Obscuribacteraceae;g__Obscuribacter;s__Obscuribacter,100,100,0.57,0.6,98.28,93.1,0.94,0.94,5093424,4811740,17,21
3300026286-bin.36,spades-bin.9,d__Bacteria;p__Cyanobacteria;c__Vampirovibrionia;o__Obscuribacterales;f__Obscuribacteraceae;g__Obscuribacter;s__Obscuribacter,100,100,0.77,0.7,98.28,98.28,0.94,2.66,5093424,5606277,17,31
3300026286-bin.37,3300009517-bin.45,d__Bacteria;p__Actinobacteriota;c__Actinobacteria;o__Actinomycetales;f__Dermatophilaceae;g__Tetrasphaera_A;s__,99.99,99.99,0.56,0.55,98.11,98.42,0.73,0.54,3677819,3749633,122,57
3300026286-bin.37,3300026302-bin.56,d__Bacteria;p__Actinobacteriota;c__Actinobacteria;o__Actinomycetales;f__Dermatophilaceae;g__Tetrasphaera_A;s__,99.99,99.99,0.56,0.59,98.11,97.3,0.73,0.65,3677819,3538289,122,60
3300026286-bin.37,megahit-bin.92,d__Bacteria;p__Actinobacteriota;c__Actinobacteria;o__Actinomycetales;f__Dermatophilaceae;g__Tetrasphaera_A;s__,100,100,0.61,0.62,98.11,98.92,0.73,0.54,3677819,3656164,122,59
3300026286-bin.37,spades-bin.62,d__Bacteria;p__Actinobacteriota;c__Actinobacteria;o__Actinomycetales;f__Dermatophilaceae;g__Tetrasphaera_A;s__,99.98,99.98,0.5,0.5,98.11,97.3,0.73,0.54,3677819,3687083,122,49
3300026286-bin.7,3300026302-bin.15,d__Bacteria;p__Actinobacteriota;c__Actinobacteria;o__Actinomycetales;f__Dermatophilaceae;g__Phycicoccus;s__,100,100,0.87,0.86,98.02,98.02,0.54,0.62,3056910,3095155,34,34
3300026286-bin.7,spades-bin.24,d__Bacteria;p__Actinobacteriota;c__Actinobacteria;o__Actinomycetales;f__Dermatophilaceae;g__Phycicoccus;s__,100,100,0.87,0.87,98.02,98.02,0.54,0.54,3056910,3043081,34,34
3300026286-bin.9,spades-bin.53,d__Bacteria;p__Bacteroidota;c__Bacteroidia;o__Chitinophagales;f__Saprospiraceae;g__OLB8;s__,99.98,99.98,0.26,0.22,84.36,97.52,2.08,0.5,3083997,3727014,427,65
3300026302-bin.14,megahit-bin.61,d__Bacteria;p__Proteobacteria;c__Alphaproteobacteria;o__Rhodobacterales;f__Rhodobacteraceae;g__Pararhodobacter;s__,99.99,99.99,0.74,0.72,99.09,99.09,1.19,1.21,4866760,4970982,26,33
3300026302-bin.15,spades-bin.24,d__Bacteria;p__Actinobacteriota;c__Actinobacteria;o__Actinomycetales;f__Dermatophilaceae;g__Phycicoccus;s__,100,100,0.85,0.87,98.02,98.02,0.62,0.54,3095155,3043081,34,34
3300026302-bin.17,3300026286-bin.36,d__Bacteria;p__Cyanobacteria;c__Vampirovibrionia;o__Obscuribacterales;f__Obscuribacteraceae;g__Obscuribacter;s__Obscuribacter,100,100,0.66,0.59,91.38,98.28,0.94,0.94,4622836,5093424,15,17
3300026302-bin.17,megahit-bin.90,d__Bacteria;p__Cyanobacteria;c__Vampirovibrionia;o__Obscuribacterales;f__Obscuribacteraceae;g__Obscuribacter;s__Obscuribacter,100,100,0.56,0.54,91.38,93.1,0.94,0.94,4622836,4811740,15,21
3300026302-bin.17,spades-bin.9,d__Bacteria;p__Cyanobacteria;c__Vampirovibrionia;o__Obscuribacterales;f__Obscuribacteraceae;g__Obscuribacter;s__Obscuribacter,100,100,0.82,0.68,91.38,98.28,0.94,2.66,4622836,5606277,15,31
3300026302-bin.18,megahit-bin.28,d__Bacteria;p__Bacteroidota;c__Ignavibacteria;o__Ignavibacteriales;f__Ignavibacteriaceae_A;g__UTCHB3;s__,100,100,0.86,0.86,97.27,97.27,0.55,0.55,4068301,4043889,23,30
3300026302-bin.18,spades-bin.40,d__Bacteria;p__Bacteroidota;c__Ignavibacteria;o__Ignavibacteriales;f__Ignavibacteriaceae_A;g__UTCHB3;s__,100,100,0.92,0.92,97.27,97.27,0.55,0.55,4068301,4066688,23,21
3300026302-bin.20,3300009517-bin.50,d__Bacteria;p__Proteobacteria;c__Gammaproteobacteria;o__Burkholderiales;f__Burkholderiaceae;g__Vitreoscilla_A;s__,100,100,0.81,0.84,100,97.66,0.7,1.17,3508081,3385398,14,17
3300026302-bin.20,spades-bin.58,d__Bacteria;p__Proteobacteria;c__Gammaproteobacteria;o__Burkholderiales;f__Burkholderiaceae;g__Vitreoscilla_A;s__,100,100,0.97,0.97,100,100,0.7,0.7,3508081,3509363,14,13
3300026302-bin.24,megahit-bin.103,d__Bacteria;p__Proteobacteria;c__Gammaproteobacteria;o__Burkholderiales;f__Burkholderiaceae;g__Ottowia;s__,99.96,99.96,0.6,0.59,90.7,82.67,0.58,3.31,3883452,3975457,410,454
3300026302-bin.24,spades-bin.93,d__Bacteria;p__Proteobacteria;c__Gammaproteobacteria;o__Burkholderiales;f__Burkholderiaceae;g__Ottowia;s__,99.94,99.94,0.59,0.52,90.7,93.66,0.58,5.56,3883452,4521058,410,250
3300026302-bin.27,megahit-bin.19,d__Bacteria;p__Proteobacteria;c__Alphaproteobacteria;o__Rhizobiales;f__Phreatobacteraceae;g__Phreatobacter;s__,99.97,99.97,0.3,0.29,95.63,98.61,0.4,2.05,4322051,4520843,353,61
3300026302-bin.3,3300026286-bin.1,d__Bacteria;p__Proteobacteria;c__Gammaproteobacteria;o__Burkholderiales;f__Rhodocyclaceae;g__Accumulibacter;s__Accumulibacter,100,100,0.22,0.37,99.84,79.1,0.24,0.48,4641950,2744182,81,331
3300026302-bin.3,megahit-bin.6,d__Bacteria;p__Proteobacteria;c__Gammaproteobacteria;o__Burkholderiales;f__Rhodocyclaceae;g__Accumulibacter;s__Accumulibacter,99.68,99.68,0.2,0.3,99.84,81.36,0.24,1.79,4641950,3065838,81,455
3300026302-bin.31,3300009517-bin.28,d__Bacteria;p__Proteobacteria;c__Gammaproteobacteria;o__Burkholderiales;f__Burkholderiaceae;g__Alicycliphilus;s__,100,100,0.83,0.81,99.64,99.69,1.04,1.04,3832872,3916662,33,42
3300026302-bin.32,3300009517-bin.10,d__Bacteria;p__Proteobacteria;c__Gammaproteobacteria;o__Burkholderiales;f__Burkholderiaceae;g__Rubrivivax;s__,99.99,99.08,0.36,0.37,97.94,98.21,0.05,2.99,6580695,6403094,247,77
3300026302-bin.32,spades-bin.88,d__Bacteria;p__Proteobacteria;c__Gammaproteobacteria;o__Burkholderiales;f__Burkholderiaceae;g__Rubrivivax;s__,99.95,99.95,0.31,0.31,97.94,98.83,0.05,2.07,6580695,6381415,247,42
3300026302-bin.41,megahit-bin.15,d__Bacteria;p__Proteobacteria;c__Alphaproteobacteria;o__Rhizobiales;f__Rhizobiaceae;g__QFOR01;s__,99.99,99.99,0.43,0.49,89.17,88.41,6.68,2.12,3894369,3385303,197,43
3300026302-bin.41,spades-bin.72,d__Bacteria;p__Proteobacteria;c__Alphaproteobacteria;o__Rhizobiales;f__Rhizobiaceae;g__QFOR01;s__,99.99,99.99,0.33,0.38,89.17,87.22,6.68,1.78,3894369,3380024,197,32
3300026302-bin.43,3300026286-bin.17,d__Bacteria;p__Bacteroidota;c__Bacteroidia;o__NS11-12g;f__UKL13-3;g__B1;s__,100,100,0.63,0.63,100,97.81,0,0,3735938,3734298,45,80
3300026302-bin.43,megahit-bin.52,d__Bacteria;p__Bacteroidota;c__Bacteroidia;o__NS11-12g;f__UKL13-3;g__B1;s__,100,100,0.86,0.86,100,100,0,0,3735938,3748838,45,60
3300026302-bin.43,spades-bin.5,d__Bacteria;p__Bacteroidota;c__Bacteroidia;o__NS11-12g;f__UKL13-3;g__B1;s__,99.99,99.99,0.88,0.85,100,100,0,0,3735938,3885317,45,43
3300026302-bin.48,3300009517-bin.18,d__Bacteria;p__Proteobacteria;c__Gammaproteobacteria;o__Xanthomonadales;f__Xanthomonadaceae;g__Pseudoxanthomonas_A;s__,100,100,0.81,0.82,99.95,99.61,0.89,0.89,3641589,3634203,30,31
3300026302-bin.48,3300026286-bin.11,d__Bacteria;p__Proteobacteria;c__Gammaproteobacteria;o__Xanthomonadales;f__Xanthomonadaceae;g__Pseudoxanthomonas_A;s__,100,100,0.41,0.42,99.95,98.67,0.89,0.89,3641589,3589037,30,129
3300026302-bin.48,megahit-bin.93,d__Bacteria;p__Proteobacteria;c__Gammaproteobacteria;o__Xanthomonadales;f__Xanthomonadaceae;g__Pseudoxanthomonas_A;s__,100,100,0.81,0.82,99.95,99.84,0.89,0.93,3641589,3625190,30,38
3300026302-bin.48,spades-bin.84,d__Bacteria;p__Proteobacteria;c__Gammaproteobacteria;o__Xanthomonadales;f__Xanthomonadaceae;g__Pseudoxanthomonas_A;s__,100,100,0.78,0.78,99.95,99.95,0.89,0.89,3641589,3667984,30,28
3300026302-bin.57,3300009517-bin.35,d__Bacteria;p__Bacteroidota;c__Bacteroidia;o__Cytophagales;f__Spirosomaceae;g__Runella;s__Runella,100,100,0.92,0.91,100,100,0,0,7305265,7443280,68,60
3300026302-bin.57,spades-bin.67,d__Bacteria;p__Bacteroidota;c__Bacteroidia;o__Cytophagales;f__Spirosomaceae;g__Runella;s__Runella,100,100,0.94,0.93,100,100,0,0,7305265,7433493,68,66
3300026302-bin.58,3300026286-bin.40,d__Bacteria;p__Patescibacteria;c__Saccharimonadia;o__Saccharimonadales;f__Saccharimonadaceae;g__Saccharimonas;s__,100,100,0.6,0.6,84.48,84.48,0,0,970974,971169,3,3
3300026302-bin.6,3300009517-bin.51,d__Bacteria;p__Proteobacteria;c__Gammaproteobacteria;o__Xanthomonadales;f__Xanthomonadaceae;g__Pseudoxanthomonas;s__,99.61,99.6,0.18,0.19,99.02,97.78,0,0.92,2992856,2734303,6,89
3300026302-bin.7,megahit-bin.112,d__Bacteria;p__Firmicutes_A;c__Clostridia;o__Peptostreptococcales;f__Fusibacteraceae;g__UBA5201;s__,99.98,96.67,0.67,0.67,81.03,96.5,5.17,1.75,3015381,3058440,41,63
3300026302-bin.7,spades-bin.97,d__Bacteria;p__Firmicutes_A;c__Clostridia;o__Peptostreptococcales;f__Fusibacteraceae;g__UBA5201;s__,100,100,0.93,0.91,81.03,96.5,5.17,1.75,3015381,3084188,41,41
3300026302-bin.8,3300009517-bin.1,d__Bacteria;p__Proteobacteria;c__Gammaproteobacteria;o__Burkholderiales;f__Burkholderiaceae;g__Ramlibacter;s__,100,100,0.81,0.82,99.84,99.84,0.06,0.06,4414024,4360166,41,32
3300026302-bin.8,3300026286-bin.23,d__Bacteria;p__Proteobacteria;c__Gammaproteobacteria;o__Burkholderiales;f__Burkholderiaceae;g__Ramlibacter;s__,100,100,0.85,0.85,99.84,99.84,0.06,0.21,4414024,4427956,41,37
3300026302-bin.8,megahit-bin.33,d__Bacteria;p__Proteobacteria;c__Gammaproteobacteria;o__Burkholderiales;f__Burkholderiaceae;g__Ramlibacter;s__,100,100,0.87,0.88,99.84,98.44,0.06,0.06,4414024,4378031,41,42
3300026302-bin.8,spades-bin.100,d__Bacteria;p__Proteobacteria;c__Gammaproteobacteria;o__Burkholderiales;f__Burkholderiaceae;g__Ramlibacter;s__,99.99,99.99,0.8,0.83,99.84,98.91,0.06,0.06,4414024,4287691,41,28
3300026302-bin.9,megahit-bin.18,d__Bacteria;p__Armatimonadota;c__Fimbriimonadia;o__Fimbriimonadales;f__Fimbriimonadaceae;g__Uphvl-Ar1;s__,100,100,0.21,0.16,77.53,96.55,2.59,0,2421445,3109071,400,53
3300026302-bin.9,spades-bin.55,d__Bacteria;p__Armatimonadota;c__Fimbriimonadia;o__Fimbriimonadales;f__Fimbriimonadaceae;g__Uphvl-Ar1;s__,100,100,0.16,0.12,77.53,96.55,2.59,0,2421445,3141046,400,38
megahit-bin.10,3300026302-bin.45,d__Bacteria;p__Proteobacteria;c__Alphaproteobacteria;o__Rhizobiales;f__Beijerinkiaceae_A;g__PAR1;s__,99.99,99.99,0.68,0.71,97.78,97.89,0.06,0,3294537,3186646,28,17
megahit-bin.10,spades-bin.76,d__Bacteria;p__Proteobacteria;c__Alphaproteobacteria;o__Rhizobiales;f__Beijerinkiaceae_A;g__PAR1;s__,99.87,99.87,0.77,0.74,97.78,97.89,0.06,4.6,3294537,3428151,28,25
megahit-bin.103,spades-bin.93,d__Bacteria;p__Proteobacteria;c__Gammaproteobacteria;o__Burkholderiales;f__Burkholderiaceae;g__Ottowia;s__,99.91,99.92,0.56,0.49,82.67,93.66,3.31,5.56,3975457,4521058,454,250
megahit-bin.105,3300026286-bin.40,d__Bacteria;p__Patescibacteria;c__Saccharimonadia;o__Saccharimonadales;f__Saccharimonadaceae;g__Saccharimonas;s__,100,100,0.57,0.56,84.48,84.48,0,0,968533,971169,5,3
megahit-bin.105,3300026302-bin.58,d__Bacteria;p__Patescibacteria;c__Saccharimonadia;o__Saccharimonadales;f__Saccharimonadaceae;g__Saccharimonas;s__,100,100,0.57,0.56,84.48,84.48,0,0,968533,970974,5,3
megahit-bin.105,spades-bin.103,d__Bacteria;p__Patescibacteria;c__Saccharimonadia;o__Saccharimonadales;f__Saccharimonadaceae;g__Saccharimonas;s__,100,100,0.4,0.4,84.48,84.48,0,0,968533,971550,5,1
megahit-bin.108,3300009517-bin.50,d__Bacteria;p__Proteobacteria;c__Gammaproteobacteria;o__Burkholderiales;f__Burkholderiaceae;g__Vitreoscilla_A;s__,99.99,99.99,0.8,0.83,100,97.66,1.84,1.17,3511846,3385398,28,17
megahit-bin.108,3300026302-bin.20,d__Bacteria;p__Proteobacteria;c__Gammaproteobacteria;o__Burkholderiales;f__Burkholderiaceae;g__Vitreoscilla_A;s__,100,100,0.76,0.76,100,100,1.84,0.7,3511846,3508081,28,14
megahit-bin.108,spades-bin.58,d__Bacteria;p__Proteobacteria;c__Gammaproteobacteria;o__Burkholderiales;f__Burkholderiaceae;g__Vitreoscilla_A;s__,100,100,0.75,0.76,100,100,1.84,0.7,3511846,3509363,28,13
megahit-bin.12,3300026302-bin.46,d__Bacteria;p__Proteobacteria;c__Gammaproteobacteria;o__Burkholderiales;f__Rhodocyclaceae;g__Accumulibacter;s__Accumulibacter,100,100,0.88,0.86,98.48,100,0,0,4271885,4328416,71,48
megahit-bin.15,spades-bin.72,d__Bacteria;p__Proteobacteria;c__Alphaproteobacteria;o__Rhizobiales;f__Rhizobiaceae;g__QFOR01;s__,99.99,99.99,0.65,0.65,88.41,87.22,2.12,1.78,3385303,3380024,43,32
megahit-bin.16,3300026286-bin.41,d__Bacteria;p__Chloroflexota;c__Chloroflexia;o__Chloroflexales;f__Herpetosiphonaceae;g__Herpetosiphon;s__,99.99,99.99,0.76,0.76,93.64,93.64,0.91,0.91,5860757,5867833,25,16
megahit-bin.16,spades-bin.75,d__Bacteria;p__Chloroflexota;c__Chloroflexia;o__Chloroflexales;f__Herpetosiphonaceae;g__Herpetosiphon;s__,100,95.77,0.61,0.59,93.64,99.09,0.91,0.91,5860757,6036298,25,13
megahit-bin.2,3300026286-bin.38,d__Bacteria;p__Bacteroidota;c__Bacteroidia;o__AKYH767;f__b-17BO;g__;s__,100,100,0.88,0.86,99.05,99.05,0.48,0.48,3068286,3173705,37,31
megahit-bin.20,3300009517-bin.46,d__Bacteria;p__Proteobacteria;c__Alphaproteobacteria;o__Rhodospirillales_C;f__Rhodospirillaceae_A;g__;s__,99.98,99.96,0.27,0.27,94.14,91.2,0.58,2.27,3855894,3759503,31,236
megahit-bin.21,3300009517-bin.48,d__Bacteria;p__Proteobacteria;c__Alphaproteobacteria;o__Caulobacterales;f__Caulobacteraceae;g__Caulobacter;s__,100,100,0.89,0.89,100,100,0,0,4434252,4431362,34,25
megahit-bin.26,3300026302-bin.50,d__Bacteria;p__Bacteroidota;c__Bacteroidia;o__Chitinophagales;f__Chitinophagaceae;g__Flavihumibacter;s__,99.98,99.98,0.55,0.54,99.01,96.81,1.23,2.22,3851981,3937655,54,111
megahit-bin.28,spades-bin.40,d__Bacteria;p__Bacteroidota;c__Ignavibacteria;o__Ignavibacteriales;f__Ignavibacteriaceae_A;g__UTCHB3;s__,100,100,0.83,0.83,97.27,97.27,0.55,0.55,4043889,4066688,30,21
megahit-bin.3,3300009517-bin.28,d__Bacteria;p__Proteobacteria;c__Gammaproteobacteria;o__Burkholderiales;f__Burkholderiaceae;g__Alicycliphilus;s__,99.99,99.99,0.84,0.81,99.54,99.69,1.25,1.04,3758142,3916662,53,42
megahit-bin.3,3300026302-bin.31,d__Bacteria;p__Proteobacteria;c__Gammaproteobacteria;o__Burkholderiales;f__Burkholderiaceae;g__Alicycliphilus;s__,99.99,99.99,0.76,0.75,99.54,99.64,1.25,1.04,3758142,3832872,53,33
megahit-bin.33,spades-bin.100,d__Bacteria;p__Proteobacteria;c__Gammaproteobacteria;o__Burkholderiales;f__Burkholderiaceae;g__Ramlibacter;s__,100,100,0.81,0.82,98.44,98.91,0.06,0.06,4378031,4287691,42,28
megahit-bin.38,spades-bin.109,d__Bacteria;p__Proteobacteria;c__Alphaproteobacteria;o__Reyranellales;f__Reyranellaceae;g__Reyranella;s__Reyranella,99.72,99.72,0.52,0.58,91.04,83.29,6.01,2.99,5707127,5143843,258,127
megahit-bin.40,3300009517-bin.10,d__Bacteria;p__Proteobacteria;c__Gammaproteobacteria;o__Burkholderiales;f__Burkholderiaceae;g__Rubrivivax;s__,99.98,99.97,0.59,0.58,99.52,98.21,0.05,2.99,6291011,6403094,41,77
megahit-bin.40,3300026302-bin.32,d__Bacteria;p__Proteobacteria;c__Gammaproteobacteria;o__Burkholderiales;f__Burkholderiaceae;g__Rubrivivax;s__,100,100,0.31,0.3,99.52,97.94,0.05,0.05,6291011,6580695,41,247
megahit-bin.40,spades-bin.88,d__Bacteria;p__Proteobacteria;c__Gammaproteobacteria;o__Burkholderiales;f__Burkholderiaceae;g__Rubrivivax;s__,99.99,99.99,0.75,0.74,99.52,98.83,0.05,2.07,6291011,6381415,41,42
megahit-bin.43,spades-bin.60,d__Bacteria;p__Bacteroidota;c__;o__;f__;g__;s__,98.67,99.99,0.68,0.65,94.52,94.52,0,0,4198717,4402344,55,36
megahit-bin.44,3300009517-bin.29,d__Bacteria;p__Actinobacteriota;c__Actinobacteria;o__Actinomycetales;f__Dermatophilaceae;g__Tetrasphaera_A;s__Tetrasphaera_A,100,100,0.84,0.81,98.92,98.86,0.05,0.54,3913401,4092138,75,60
megahit-bin.44,3300026286-bin.22,d__Bacteria;p__Actinobacteriota;c__Actinobacteria;o__Actinomycetales;f__Dermatophilaceae;g__Tetrasphaera_A;s__Tetrasphaera_A,100,100,0.86,0.85,98.92,98.92,0.05,0.05,3913401,3958293,75,66
megahit-bin.44,spades-bin.18,d__Bacteria;p__Actinobacteriota;c__Actinobacteria;o__Actinomycetales;f__Dermatophilaceae;g__Tetrasphaera_A;s__Tetrasphaera_A,99.95,99.99,0.79,0.75,98.92,98.92,0.05,1.62,3913401,4077561,75,59
megahit-bin.45,spades-bin.48,d__Bacteria;p__Proteobacteria;c__Alphaproteobacteria;o__Rhizobiales;f__Anderseniellaceae;g__PALSA-927;s__,99.98,99.98,0.71,0.72,99.78,97.64,0.45,0.4,3392081,3363020,34,19
megahit-bin.48,3300026286-bin.8,d__Bacteria;p__Bacteroidota;c__Rhodothermia;o__Rhodothermales;f__;g__;s__,99.76,99.76,0.36,0.48,97.54,79.47,1.37,0.48,3180838,2396341,229,421
megahit-bin.48,spades-bin.31,d__Bacteria;p__Bacteroidota;c__Rhodothermia;o__Rhodothermales;f__;g__;s__,99.81,99.81,0.29,0.29,97.54,98.36,1.37,1.38,3180838,3250619,229,36
megahit-bin.5,3300026302-bin.33,d__Bacteria;p__Proteobacteria;c__Alphaproteobacteria;o__Rhizobiales;f__Beijerinkiaceae_A;g__PAR1;s__,99.92,99.91,0.4,0.41,97.36,93.51,1.76,0,3607959,3451933,111,48
megahit-bin.5,spades-bin.73,d__Bacteria;p__Proteobacteria;c__Alphaproteobacteria;o__Rhizobiales;f__Beijerinkiaceae_A;g__PAR1;s__,99.95,99.95,0.27,0.28,97.36,96.31,1.76,1.96,3607959,3482082,111,18
megahit-bin.52,3300026286-bin.17,d__Bacteria;p__Bacteroidota;c__Bacteroidia;o__NS11-12g;f__UKL13-3;g__B1;s__,99.99,99.99,0.65,0.66,100,97.81,0,0,3748838,3734298,60,80
megahit-bin.52,spades-bin.5,d__Bacteria;p__Bacteroidota;c__Bacteroidia;o__NS11-12g;f__UKL13-3;g__B1;s__,100,99.99,0.78,0.75,100,100,0,0,3748838,3885317,60,43
megahit-bin.57,spades-bin.59,d__Bacteria;p__Actinobacteriota;c__Actinobacteria;o__Propionibacteriales;f__Propionibacteriaceae;g__Propionicimonas;s__,99.85,99.85,0.66,0.72,91.85,75.62,3.57,0.17,4028876,3674607,69,37
megahit-bin.6,3300026286-bin.1,d__Bacteria;p__Proteobacteria;c__Gammaproteobacteria;o__Burkholderiales;f__Rhodocyclaceae;g__Accumulibacter;s__Accumulibacter,99.73,99.73,0.55,0.61,81.36,79.1,1.79,0.48,3065838,2744182,455,331
megahit-bin.64,3300026302-bin.13,d__Bacteria;p__Actinobacteriota;c__Actinobacteria;o__Actinomycetales;f__Dermatophilaceae;g__Austwickia;s__,99.81,99.8,0.59,0.54,94.91,97.54,1.26,1.64,3698200,4037461,372,229
megahit-bin.64,spades-bin.57,d__Bacteria;p__Actinobacteriota;c__Actinobacteria;o__Actinomycetales;f__Dermatophilaceae;g__Austwickia;s__,99.8,99.8,0.34,0.28,94.91,99.45,1.26,5.01,3698200,4392256,372,82
megahit-bin.72,3300009517-bin.19,d__Bacteria;p__Actinobacteriota;c__Actinobacteria;o__Actinomycetales;f__Dermatophilaceae;g__Phycicoccus;s__,99.95,99.95,0.61,0.58,96.4,95.63,0.54,4.63,3032457,3180397,39,79
megahit-bin.72,3300026286-bin.7,d__Bacteria;p__Actinobacteriota;c__Actinobacteria;o__Actinomycetales;f__Dermatophilaceae;g__Phycicoccus;s__,99.96,99.96,0.86,0.85,96.4,98.02,0.54,0.54,3032457,3056910,39,34
megahit-bin.72,3300026302-bin.15,d__Bacteria;p__Actinobacteriota;c__Actinobacteria;o__Actinomycetales;f__Dermatophilaceae;g__Phycicoccus;s__,99.96,99.96,0.86,0.84,96.4,98.02,0.54,0.62,3032457,3095155,39,34
megahit-bin.72,spades-bin.24,d__Bacteria;p__Actinobacteriota;c__Actinobacteria;o__Actinomycetales;f__Dermatophilaceae;g__Phycicoccus;s__,99.96,99.96,0.92,0.91,96.4,98.02,0.54,0.54,3032457,3043081,39,34
megahit-bin.73,spades-bin.74,d__Bacteria;p__Proteobacteria;c__Gammaproteobacteria;o__Burkholderiales;f__Rhodocyclaceae;g__Zoogloea;s__,99.95,99.94,0.76,0.63,81.65,91.62,3.32,3.51,4170990,4987488,593,501
megahit-bin.77,3300009517-bin.51,d__Bacteria;p__Proteobacteria;c__Gammaproteobacteria;o__Xanthomonadales;f__Xanthomonadaceae;g__Pseudoxanthomonas;s__,99.71,99.71,0.43,0.39,94.95,97.78,0.24,0.92,2500764,2734303,189,89
megahit-bin.77,3300026286-bin.18,d__Bacteria;p__Proteobacteria;c__Gammaproteobacteria;o__Xanthomonadales;f__Xanthomonadaceae;g__Pseudoxanthomonas;s__,99.71,99.71,0.2,0.19,94.95,99.02,0.24,0,2500764,2749167,189,22
megahit-bin.77,3300026302-bin.6,d__Bacteria;p__Proteobacteria;c__Gammaproteobacteria;o__Xanthomonadales;f__Xanthomonadaceae;g__Pseudoxanthomonas;s__,99.93,99.93,0.09,0.08,94.95,99.02,0.24,0,2500764,2992856,189,6
megahit-bin.77,spades-bin.46,d__Bacteria;p__Proteobacteria;c__Gammaproteobacteria;o__Xanthomonadales;f__Xanthomonadaceae;g__Pseudoxanthomonas;s__,99.9,99.9,0.52,0.49,94.95,97.1,0.24,0.17,2500764,2631252,189,130
megahit-bin.78,3300026302-bin.30,d__Bacteria;p__Proteobacteria;c__Gammaproteobacteria;o__Burkholderiales;f__Burkholderiaceae;g__Ottowia;s__Ottowia,99.96,99.96,0.65,0.63,95.55,99.26,0.47,0.62,3280563,3396562,88,35
megahit-bin.80,3300026286-bin.9,d__Bacteria;p__Bacteroidota;c__Bacteroidia;o__Chitinophagales;f__Saprospiraceae;g__OLB8;s__,99.99,99.99,0.28,0.32,96.53,84.36,0.5,2.08,3547113,3083997,95,427
megahit-bin.80,spades-bin.53,d__Bacteria;p__Bacteroidota;c__Bacteroidia;o__Chitinophagales;f__Saprospiraceae;g__OLB8;s__,99.98,99.98,0.66,0.63,96.53,97.52,0.5,0.5,3547113,3727014,95,65
megahit-bin.81,3300026286-bin.20,d__Bacteria;p__Chloroflexota;c__Anaerolineae;o__SBR1031;f__A4b;g__;s__,99.99,98.92,0.34,0.33,98.17,92.66,0,7.89,7266832,7372259,89,438
megahit-bin.83,3300009517-bin.6,d__Bacteria;p__Bacteroidota;c__Bacteroidia;o__Flavobacteriales;f__Flavobacteriaceae;g__Flavobacterium;s__,100,100,0.72,0.74,99.29,99.29,7.07,0.35,3175228,3076162,32,18
megahit-bin.83,spades-bin.65,d__Bacteria;p__Bacteroidota;c__Bacteroidia;o__Flavobacteriales;f__Flavobacteriaceae;g__Flavobacterium;s__,100,100,0.74,0.76,99.29,99.29,7.07,0.35,3175228,3090789,32,21
megahit-bin.84,3300026302-bin.29,d__Bacteria;p__Proteobacteria;c__Alphaproteobacteria;o__Caulobacterales;f__Caulobacteraceae;g__Brevundimonas;s__Brevundimonas,99.98,99.98,0.52,0.62,97.57,84.32,2.09,0.92,2969023,2507757,236,362
megahit-bin.85,3300009517-bin.13,d__Bacteria;p__Actinobacteriota;c__Actinobacteria;o__Actinomycetales;f__Microbacteriaceae;g__Salinibacterium;s__,99.99,99.99,0.68,0.68,97.81,97.81,0,0,2928498,2934589,14,8
megahit-bin.85,3300026286-bin.28,d__Bacteria;p__Actinobacteriota;c__Actinobacteria;o__Actinomycetales;f__Microbacteriaceae;g__Salinibacterium;s__,99.98,99.98,0.13,0.14,97.81,92.93,0,0.3,2928498,2773299,14,257
megahit-bin.85,spades-bin.66,d__Bacteria;p__Actinobacteriota;c__Actinobacteria;o__Actinomycetales;f__Microbacteriaceae;g__Salinibacterium;s__,99.99,99.99,0.54,0.54,97.81,97.81,0,0.1,2928498,2988771,14,13
megahit-bin.9,3300009517-bin.35,d__Bacteria;p__Bacteroidota;c__Bacteroidia;o__Cytophagales;f__Spirosomaceae;g__Runella;s__Runella,100,100,0.86,0.85,100,100,0,0,7370125,7443280,84,60
megahit-bin.9,3300026302-bin.57,d__Bacteria;p__Bacteroidota;c__Bacteroidia;o__Cytophagales;f__Spirosomaceae;g__Runella;s__Runella,100,100,0.88,0.89,100,100,0,0,7370125,7305265,84,68
megahit-bin.9,spades-bin.67,d__Bacteria;p__Bacteroidota;c__Bacteroidia;o__Cytophagales;f__Spirosomaceae;g__Runella;s__Runella,100,100,0.87,0.86,100,100,0,0,7370125,7433493,84,66
megahit-bin.90,spades-bin.9,d__Bacteria;p__Cyanobacteria;c__Vampirovibrionia;o__Obscuribacterales;f__Obscuribacteraceae;g__Obscuribacter;s__Obscuribacter,100,100,0.62,0.54,93.1,98.28,0.94,2.66,4811740,5606277,21,31
megahit-bin.92,3300026302-bin.56,d__Bacteria;p__Actinobacteriota;c__Actinobacteria;o__Actinomycetales;f__Dermatophilaceae;g__Tetrasphaera_A;s__,100,100,0.79,0.81,98.92,97.3,0.54,0.65,3656164,3538289,59,60
megahit-bin.93,3300009517-bin.18,d__Bacteria;p__Proteobacteria;c__Gammaproteobacteria;o__Xanthomonadales;f__Xanthomonadaceae;g__Pseudoxanthomonas_A;s__,100,100,0.83,0.83,99.84,99.61,0.93,0.89,3625190,3634203,38,31
megahit-bin.93,3300026286-bin.11,d__Bacteria;p__Proteobacteria;c__Gammaproteobacteria;o__Xanthomonadales;f__Xanthomonadaceae;g__Pseudoxanthomonas_A;s__,99.99,99.99,0.46,0.47,99.84,98.67,0.93,0.89,3625190,3589037,38,129
megahit-bin.93,spades-bin.84,d__Bacteria;p__Proteobacteria;c__Gammaproteobacteria;o__Xanthomonadales;f__Xanthomonadaceae;g__Pseudoxanthomonas_A;s__,100,100,0.77,0.76,99.84,99.95,0.93,0.89,3625190,3667984,38,28
megahit-bin.94,3300009517-bin.53,d__Bacteria;p__Proteobacteria;c__Alphaproteobacteria;o__Caulobacterales;f__Hyphomonadaceae;g__UBA1942;s__,100,100,0.81,0.81,98.43,98.43,0.32,0.32,2956722,2980669,7,6
megahit-bin.94,spades-bin.45,d__Bacteria;p__Proteobacteria;c__Alphaproteobacteria;o__Caulobacterales;f__Hyphomonadaceae;g__UBA1942;s__,100,100,0.85,0.84,98.43,98.43,0.32,0.32,2956722,2980451,7,6
megahit-bin.96,3300009517-bin.47,d__Bacteria;p__Bacteroidota;c__Bacteroidia;o__Flavobacteriales;f__Weeksellaceae;g__Chryseobacterium_A;s__Chryseobacterium_A,100,84.73,0.66,0.64,100,100,0.25,0.49,2549905,2625457,15,12
megahit-bin.96,3300026302-bin.51,d__Bacteria;p__Bacteroidota;c__Bacteroidia;o__Flavobacteriales;f__Weeksellaceae;g__Chryseobacterium_A;s__Chryseobacterium_A,99.94,99.94,0.82,0.81,100,100,0.25,0.25,2549905,2577144,15,12
megahit-bin.96,spades-bin.28,d__Bacteria;p__Bacteroidota;c__Bacteroidia;o__Flavobacteriales;f__Weeksellaceae;g__Chryseobacterium_A;s__Chryseobacterium_A,99.94,99.94,0.81,0.81,100,100,0.25,0.25,2549905,2574481,15,11
spades-bin.10,3300026302-bin.27,d__Bacteria;p__Proteobacteria;c__Alphaproteobacteria;o__Rhizobiales;f__Phreatobacteraceae;g__Phreatobacter;s__,99.99,100,0.21,0.22,98.35,95.63,3.96,0.4,4694024,4322051,38,353
spades-bin.10,megahit-bin.19,d__Bacteria;p__Proteobacteria;c__Alphaproteobacteria;o__Rhizobiales;f__Phreatobacteraceae;g__Phreatobacter;s__,99.93,99.93,0.51,0.53,98.35,98.61,3.96,2.05,4694024,4520843,38,61
spades-bin.103,3300026286-bin.40,d__Bacteria;p__Patescibacteria;c__Saccharimonadia;o__Saccharimonadales;f__Saccharimonadaceae;g__Saccharimonas;s__,100,100,0.74,0.74,84.48,84.48,0,0,971550,971169,1,3
spades-bin.104,megahit-bin.89,d__Bacteria;p__Gemmatimonadota;c__Gemmatimonadetes;o__Gemmatimonadales;f__Gemmatimonadaceae;g__;s__,100,100,0.58,0.59,98.35,97.25,3.3,2.2,4545183,4490717,8,8
spades-bin.105,megahit-bin.39,d__Bacteria;p__Bacteroidota;c__Bacteroidia;o__Chitinophagales;f__Saprospiraceae;g__;s__,99.98,99.98,0.57,0.57,96.53,96.3,0.99,0.99,5836501,5741005,51,94
spades-bin.106,3300026286-bin.38,d__Bacteria;p__Bacteroidota;c__Bacteroidia;o__AKYH767;f__b-17BO;g__;s__,99.96,99.97,0.82,0.83,99.05,99.05,1.43,0.48,3163084,3173705,31,31
spades-bin.106,megahit-bin.2,d__Bacteria;p__Bacteroidota;c__Bacteroidia;o__AKYH767;f__b-17BO;g__;s__,99.97,99.99,0.81,0.83,99.05,99.05,1.43,0.48,3163084,3068286,31,37
spades-bin.112,megahit-bin.53,d__Bacteria;p__Proteobacteria;c__Alphaproteobacteria;o__Sphingomonadales;f__Sphingomonadaceae;g__Sphingopyxis;s__,99.99,99.99,0.79,0.8,98.96,99.98,3.03,1.56,4324075,4261647,28,22
spades-bin.115,megahit-bin.86,d__Bacteria;p__Proteobacteria;c__Gammaproteobacteria;o__Legionellales;f__Legionellaceae;g__;s__,99.93,99.92,0.7,0.76,92.74,90.19,1.07,1.66,2580594,2383979,182,238
spades-bin.14,3300026302-bin.50,d__Bacteria;p__Bacteroidota;c__Bacteroidia;o__Chitinophagales;f__Chitinophagaceae;g__Flavihumibacter;s__,99.99,99.99,0.41,0.42,100,96.81,1.23,2.22,4028000,3937655,23,111
spades-bin.14,megahit-bin.26,d__Bacteria;p__Bacteroidota;c__Bacteroidia;o__Chitinophagales;f__Chitinophagaceae;g__Flavihumibacter;s__,100,100,0.7,0.73,100,99.01,1.23,1.23,4028000,3851981,23,54
spades-bin.15,megahit-bin.30,d__Bacteria;p__Actinobacteriota;c__Actinobacteria;o__Propionibacteriales;f__Propionibacteriaceae;g__;s__,99.9,99.92,0.58,0.54,92.73,91.04,7.51,0.91,3223702,3467569,22,67
spades-bin.17,megahit-bin.74,d__Bacteria;p__Proteobacteria;c__Alphaproteobacteria;o__Rhizobiales;f__Rhizobiaceae;g__Aminobacter;s__Aminobacter,99.87,99.86,0.61,0.6,94.26,93.17,5.5,6.06,5496701,5571778,80,147
spades-bin.18,3300026286-bin.22,d__Bacteria;p__Actinobacteriota;c__Actinobacteria;o__Actinomycetales;f__Dermatophilaceae;g__Tetrasphaera_A;s__Tetrasphaera_A,99.95,99.95,0.86,0.88,98.92,98.92,1.62,0.05,4077561,3958293,59,66
spades-bin.28,3300026302-bin.51,d__Bacteria;p__Bacteroidota;c__Bacteroidia;o__Flavobacteriales;f__Weeksellaceae;g__Chryseobacterium_A;s__Chryseobacterium_A,100,100,1,1,100,100,0.25,0.25,2574481,2577144,11,12
spades-bin.29,megahit-bin.69,d__Bacteria;p__Actinobacteriota;c__Actinobacteria;o__Actinomycetales;f__Dermatophilaceae;g__Phycicoccus;s__Phycicoccus,99.71,99.71,0.46,0.48,95.82,89.77,1.89,2.88,3198586,3040972,111,270
spades-bin.3,3300026302-bin.29,d__Bacteria;p__Proteobacteria;c__Alphaproteobacteria;o__Caulobacterales;f__Caulobacteraceae;g__Brevundimonas;s__Brevundimonas,99.96,99.96,0.41,0.5,97.51,84.32,3.41,0.92,3071929,2507757,155,362
spades-bin.3,megahit-bin.84,d__Bacteria;p__Proteobacteria;c__Alphaproteobacteria;o__Caulobacterales;f__Caulobacteraceae;g__Brevundimonas;s__Brevundimonas,99.93,99.92,0.62,0.64,97.51,97.57,3.41,2.09,3071929,2969023,155,236
spades-bin.30,3300026302-bin.14,d__Bacteria;p__Proteobacteria;c__Alphaproteobacteria;o__Rhodobacterales;f__Rhodobacteraceae;g__Pararhodobacter;s__,97.17,99.98,0.8,0.8,99.39,99.09,3.23,1.19,4888881,4866760,24,26
spades-bin.30,megahit-bin.61,d__Bacteria;p__Proteobacteria;c__Alphaproteobacteria;o__Rhodobacterales;f__Rhodobacteraceae;g__Pararhodobacter;s__,99.97,99.98,0.73,0.72,99.39,99.09,3.23,1.21,4888881,4970982,24,33
spades-bin.31,3300026286-bin.8,d__Bacteria;p__Bacteroidota;c__Rhodothermia;o__Rhodothermales;f__;g__;s__,99.9,99.9,0.11,0.15,98.36,79.47,1.38,0.48,3250619,2396341,36,421
spades-bin.33,megahit-bin.13,d__Bacteria;p__Proteobacteria;c__Alphaproteobacteria;o__Caedimonadales;f__UBA1908;g__;s__,99.98,99.98,0.7,0.68,86.36,85.26,1.1,1.1,1880646,1934643,96,139
spades-bin.4,megahit-bin.36,d__Bacteria;p__Bacteroidota;c__Bacteroidia;o__Cytophagales;f__Spirosomaceae;g__Leadbetterella;s__,100,100,0.73,0.73,99.11,99.11,0.6,0.6,4813294,4785014,17,25
spades-bin.42,3300026302-bin.46,d__Bacteria;p__Proteobacteria;c__Gammaproteobacteria;o__Burkholderiales;f__Rhodocyclaceae;g__Accumulibacter;s__Accumulibacter,100,100,0.91,0.9,99.52,100,0,0,4272626,4328416,59,48
spades-bin.42,megahit-bin.12,d__Bacteria;p__Proteobacteria;c__Gammaproteobacteria;o__Burkholderiales;f__Rhodocyclaceae;g__Accumulibacter;s__Accumulibacter,99.98,99.98,0.91,0.91,99.52,98.48,0,0,4272626,4271885,59,71
spades-bin.43,3300009517-bin.46,d__Bacteria;p__Proteobacteria;c__Alphaproteobacteria;o__Rhodospirillales_C;f__Rhodospirillaceae_A;g__;s__,99.98,99.97,0.22,0.23,94.39,91.2,1,2.27,3916994,3759503,25,236
spades-bin.43,megahit-bin.20,d__Bacteria;p__Proteobacteria;c__Alphaproteobacteria;o__Rhodospirillales_C;f__Rhodospirillaceae_A;g__;s__,100,100,0.59,0.6,94.39,94.14,1,0.58,3916994,3855894,25,31
spades-bin.44,3300009517-bin.28,d__Bacteria;p__Proteobacteria;c__Gammaproteobacteria;o__Burkholderiales;f__Burkholderiaceae;g__Alicycliphilus;s__,100,100,0.95,0.92,99.64,99.69,1.04,1.04,3815486,3916662,37,42
spades-bin.44,3300026302-bin.31,d__Bacteria;p__Proteobacteria;c__Gammaproteobacteria;o__Burkholderiales;f__Burkholderiaceae;g__Alicycliphilus;s__,100,100,0.87,0.86,99.64,99.64,1.04,1.04,3815486,3832872,37,33
spades-bin.44,megahit-bin.3,d__Bacteria;p__Proteobacteria;c__Gammaproteobacteria;o__Burkholderiales;f__Burkholderiaceae;g__Alicycliphilus;s__,99.99,99.99,0.79,0.8,99.64,99.54,1.04,1.25,3815486,3758142,37,53
spades-bin.46,3300009517-bin.51,d__Bacteria;p__Proteobacteria;c__Gammaproteobacteria;o__Xanthomonadales;f__Xanthomonadaceae;g__Pseudoxanthomonas;s__,99.53,99.53,0.52,0.51,97.1,97.78,0.17,0.92,2631252,2734303,130,89
spades-bin.46,3300026302-bin.6,d__Bacteria;p__Proteobacteria;c__Gammaproteobacteria;o__Xanthomonadales;f__Xanthomonadaceae;g__Pseudoxanthomonas;s__,100,100,0.23,0.2,97.1,99.02,0.17,0,2631252,2992856,130,6
spades-bin.49,3300026302-bin.30,d__Bacteria;p__Proteobacteria;c__Gammaproteobacteria;o__Burkholderiales;f__Burkholderiaceae;g__Ottowia;s__Ottowia,100,100,0.87,0.87,97.85,99.26,0.47,0.62,3411013,3396562,44,35
spades-bin.49,megahit-bin.78,d__Bacteria;p__Proteobacteria;c__Gammaproteobacteria;o__Burkholderiales;f__Burkholderiaceae;g__Ottowia;s__Ottowia,99.96,99.96,0.64,0.67,97.85,95.55,0.47,0.47,3411013,3280563,44,88
spades-bin.50,megahit-bin.88,d__Bacteria;p__Actinobacteriota;c__Actinobacteria;o__Nanopelagicales;f__;g__;s__,99.68,99.68,0.42,0.41,99.14,93.84,3.68,2.87,4287795,4148755,95,331
spades-bin.51,3300009517-bin.49,d__Bacteria;p__Bacteroidota;c__Bacteroidia;o__Chitinophagales;f__Chitinophagaceae;g__;s__,100,100,0.84,0.84,99.51,99.01,0,0,4185348,4185784,13,10
spades-bin.51,megahit-bin.100,d__Bacteria;p__Bacteroidota;c__Bacteroidia;o__Chitinophagales;f__Chitinophagaceae;g__;s__,100,100,0.75,0.76,99.51,99.51,0,0,4185348,4154768,13,15
spades-bin.52,3300009517-bin.44,d__Bacteria;p__Chloroflexota;c__Anaerolineae;o__SBR1031;f__A4b;g__;s__,99.91,99.96,0.09,0.11,98.17,79.63,0,1.83,7636215,5894002,32,685
spades-bin.52,3300026286-bin.20,d__Bacteria;p__Chloroflexota;c__Anaerolineae;o__SBR1031;f__A4b;g__;s__,100,100,0.18,0.18,98.17,92.66,0,7.89,7636215,7372259,32,438
spades-bin.52,megahit-bin.81,d__Bacteria;p__Chloroflexota;c__Anaerolineae;o__SBR1031;f__A4b;g__;s__,100,100,0.46,0.48,98.17,98.17,0,0,7636215,7266832,32,89
spades-bin.55,megahit-bin.18,d__Bacteria;p__Armatimonadota;c__Fimbriimonadia;o__Fimbriimonadales;f__Fimbriimonadaceae;g__Uphvl-Ar1;s__,100,100,0.74,0.75,96.55,96.55,0,0,3141046,3109071,38,53
spades-bin.56,megahit-bin.106,d__Bacteria;p__Actinobacteriota;c__Actinobacteria;o__Actinomycetales;f__Microbacteriaceae;g__Leucobacter;s__,99.97,99.97,0.7,0.77,96.06,88.89,2.05,1.56,3012743,2735201,74,87
spades-bin.57,3300026302-bin.13,d__Bacteria;p__Actinobacteriota;c__Actinobacteria;o__Actinomycetales;f__Dermatophilaceae;g__Austwickia;s__,97.87,99.83,0.41,0.44,99.45,97.54,5.01,1.64,4392256,4037461,82,229
spades-bin.58,3300009517-bin.50,d__Bacteria;p__Proteobacteria;c__Gammaproteobacteria;o__Burkholderiales;f__Burkholderiaceae;g__Vitreoscilla_A;s__,100,100,0.8,0.83,100,97.66,0.7,1.17,3509363,3385398,13,17
spades-bin.6,3300009517-bin.48,d__Bacteria;p__Proteobacteria;c__Alphaproteobacteria;o__Caulobacterales;f__Caulobacteraceae;g__Caulobacter;s__,99.98,99.98,0.75,0.75,100,100,0.27,0,4481967,4431362,25,25
spades-bin.6,megahit-bin.21,d__Bacteria;p__Proteobacteria;c__Alphaproteobacteria;o__Caulobacterales;f__Caulobacteraceae;g__Caulobacter;s__,99.98,99.98,0.72,0.73,100,100,0.27,0,4481967,4434252,25,34
spades-bin.61,megahit-bin.87,d__Bacteria;p__Actinobacteriota;c__Actinobacteria;o__Actinomycetales;f__Microbacteriaceae;g__Leucobacter;s__Leucobacter,99.9,99.92,0.65,0.66,83.22,82.22,1.48,0.58,2314472,2266062,140,143
spades-bin.62,3300009517-bin.45,d__Bacteria;p__Actinobacteriota;c__Actinobacteria;o__Actinomycetales;f__Dermatophilaceae;g__Tetrasphaera_A;s__,99.97,99.98,0.72,0.71,97.3,98.42,0.54,0.54,3687083,3749633,49,57
spades-bin.62,3300026302-bin.56,d__Bacteria;p__Actinobacteriota;c__Actinobacteria;o__Actinomycetales;f__Dermatophilaceae;g__Tetrasphaera_A;s__,99.97,99.97,0.69,0.72,97.3,97.3,0.54,0.65,3687083,3538289,49,60
spades-bin.62,megahit-bin.92,d__Bacteria;p__Actinobacteriota;c__Actinobacteria;o__Actinomycetales;f__Dermatophilaceae;g__Tetrasphaera_A;s__,99.97,99.97,0.74,0.75,97.3,98.92,0.54,0.54,3687083,3656164,49,59
spades-bin.63,3300026286-bin.26,d__Bacteria;p__Proteobacteria;c__Alphaproteobacteria;o__Rhodobacterales;f__Rhodobacteraceae;g__Defluviimonas;s__,99.94,99.96,0.1,0.11,100,95.11,0.51,1.82,4160443,4008409,18,410
spades-bin.65,3300009517-bin.6,d__Bacteria;p__Bacteroidota;c__Bacteroidia;o__Flavobacteriales;f__Flavobacteriaceae;g__Flavobacterium;s__,99.99,99.99,0.75,0.76,99.29,99.29,0.35,0.35,3090789,3076162,21,18
spades-bin.66,3300009517-bin.13,d__Bacteria;p__Actinobacteriota;c__Actinobacteria;o__Actinomycetales;f__Microbacteriaceae;g__Salinibacterium;s__,99.98,99.98,0.51,0.52,97.81,97.81,0.1,0,2988771,2934589,13,8
spades-bin.66,3300026286-bin.28,d__Bacteria;p__Actinobacteriota;c__Actinobacteria;o__Actinomycetales;f__Microbacteriaceae;g__Salinibacterium;s__,99.8,99.79,0.12,0.13,97.81,92.93,0.1,0.3,2988771,2773299,13,257
spades-bin.67,3300009517-bin.35,d__Bacteria;p__Bacteroidota;c__Bacteroidia;o__Cytophagales;f__Spirosomaceae;g__Runella;s__Runella,100,100,0.94,0.94,100,100,0,0,7433493,7443280,66,60
spades-bin.73,3300026302-bin.33,d__Bacteria;p__Proteobacteria;c__Alphaproteobacteria;o__Rhizobiales;f__Beijerinkiaceae_A;g__PAR1;s__,99.93,99.93,0.41,0.41,96.31,93.51,1.96,0,3482082,3451933,18,48
spades-bin.75,3300026286-bin.41,d__Bacteria;p__Chloroflexota;c__Chloroflexia;o__Chloroflexales;f__Herpetosiphonaceae;g__Herpetosiphon;s__,100,100,0.8,0.82,99.09,93.64,0.91,0.91,6036298,5867833,13,16
spades-bin.76,3300026302-bin.45,d__Bacteria;p__Proteobacteria;c__Alphaproteobacteria;o__Rhizobiales;f__Beijerinkiaceae_A;g__PAR1;s__,99.82,99.82,0.6,0.65,97.89,97.89,4.6,0,3428151,3186646,25,17
spades-bin.77,megahit-bin.25,d__Bacteria;p__Proteobacteria;c__Alphaproteobacteria;o__;f__;g__;s__,99.87,99.87,0.62,0.74,82.43,75.24,2.65,0.87,3943600,3310838,581,624
spades-bin.84,3300009517-bin.18,d__Bacteria;p__Proteobacteria;c__Gammaproteobacteria;o__Xanthomonadales;f__Xanthomonadaceae;g__Pseudoxanthomonas_A;s__,99.99,99.99,0.8,0.8,99.95,99.61,0.89,0.89,3667984,3634203,28,31
spades-bin.84,3300026286-bin.11,d__Bacteria;p__Proteobacteria;c__Gammaproteobacteria;o__Xanthomonadales;f__Xanthomonadaceae;g__Pseudoxanthomonas_A;s__,100,100,0.37,0.37,99.95,98.67,0.89,0.89,3667984,3589037,28,129
spades-bin.88,3300009517-bin.10,d__Bacteria;p__Proteobacteria;c__Gammaproteobacteria;o__Burkholderiales;f__Burkholderiaceae;g__Rubrivivax;s__,99.95,99.95,0.56,0.56,98.83,98.21,2.07,2.99,6381415,6403094,42,77
spades-bin.97,megahit-bin.112,d__Bacteria;p__Firmicutes_A;c__Clostridia;o__Peptostreptococcales;f__Fusibacteraceae;g__UBA5201;s__,99.98,99.97,0.67,0.68,96.5,96.5,1.75,1.75,3084188,3058440,41,63
spades-bin.99,megahit-bin.42,d__Bacteria;p__Proteobacteria;c__Alphaproteobacteria;o__Reyranellales;f__Reyranellaceae;g__Reyranella;s__,98.51,98.42,0.26,0.29,89.96,78.43,7.34,8.75,5077289,4620448,210,907
